{
  "properties": {
    "connectionReferences": {
      "shared_office365": {
        "runtimeSource": "invoker",
        "connection": {
          "connectionReferenceLogicalName": "cbc_sharedoffice365_d37f5"
        },
        "api": {
          "name": "shared_office365"
        }
      },
      "shared_office365groups": {
        "runtimeSource": "invoker",
        "connection": {
          "connectionReferenceLogicalName": "new_sharedoffice365groups_2a59d"
        },
        "api": {
          "name": "shared_office365groups"
        }
      }
    },
    "definition": {
      "$schema": "https://schema.management.azure.com/providers/Microsoft.Logic/schemas/2016-06-01/workflowdefinition.json#",
      "contentVersion": "1.0.0.0",
      "parameters": {
        "$connections": {
          "defaultValue": {},
          "type": "Object"
        },
        "$authentication": {
          "defaultValue": {},
          "type": "SecureObject"
        }
      },
      "triggers": {
        "manual": {
          "metadata": {
            "operationMetadataId": "798718f5-0f26-4736-bb71-698e0203c4a7"
          },
          "type": "Request",
          "kind": "PowerApp",
          "inputs": {
            "schema": {
              "type": "object",
              "properties": {
                "Sendanemail(V2)_To": {
                  "type": "string",
                  "format": "email",
                  "description": "Specify email addresses separated by semicolons like someone@contoso.com",
                  "x-ms-powerflows-param-ispartial": false
                },
                "Sendanemail(V2)_Subject": {
                  "type": "string",
                  "description": "Specify the subject of the mail",
                  "x-ms-powerflows-param-ispartial": false
                },
                "Sendanemail(V2)_Body": {
                  "type": "string",
                  "format": "html",
                  "description": "Specify the body of the mail. This parameter is used as part of \"2797E65D-D204-408B-A58F-26AFAC422BF1\"",
                  "x-ms-powerflows-param-ispartial": true
                }
              },
              "required": [
                "Sendanemail(V2)_To",
                "Sendanemail(V2)_Subject",
                "Sendanemail(V2)_Body"
              ]
            }
          }
        }
      },
      "actions": {
        "Send_an_email_(V2)": {
          "runAfter": {
            "List_group_members": [
              "Succeeded"
            ]
          },
          "metadata": {
            "operationMetadataId": "c4aa7b8a-a548-4a29-b031-37b3ecd7562e"
          },
          "type": "OpenApiConnection",
          "inputs": {
            "host": {
              "connectionName": "shared_office365",
              "operationId": "SendEmailV2",
              "apiId": "/providers/Microsoft.PowerApps/apis/shared_office365"
            },
            "parameters": {
              "emailMessage/To": "@triggerBody()['Sendanemail(V2)_To']",
              "emailMessage/Subject": "@triggerBody()['Sendanemail(V2)_Subject']",
              "emailMessage/Body": "<p>@{triggerBody()['Sendanemail(V2)_Body']}</p>",
              "emailMessage/Importance": "Normal"
            },
            "authentication": {
              "type": "Raw",
              "value": "@json(decodeBase64(triggerOutputs().headers['X-MS-APIM-Tokens']))['$ConnectionKey']"
            }
          }
        },
        "List_group_members": {
          "runAfter": {},
          "metadata": {
            "operationMetadataId": "e074b46c-9ddc-4e60-8a1f-48c5e0989953"
          },
          "type": "OpenApiConnection",
          "inputs": {
            "host": {
              "connectionName": "shared_office365groups",
              "operationId": "ListGroupMembers",
              "apiId": "/providers/Microsoft.PowerApps/apis/shared_office365groups"
            },
            "parameters": {
              "groupId": "522870f0-20ff-4d89-bcae-330a702c8e63"
            },
            "authentication": {
              "type": "Raw",
              "value": "@json(decodeBase64(triggerOutputs().headers['X-MS-APIM-Tokens']))['$ConnectionKey']"
            }
          }
        }
      }
    },
    "templateName": ""
  },
  "schemaVersion": "1.0.0.0"
}